var1,var2,label1,label2,similarity,waves1,waves2,var_pair
q183,q170,how much influence does the united states have on our country,how much influence does the united states have on our country,1.0000000000000007,"Wave5, Wave6","Wave4, Wave5, Wave6","('q170', 'q183')"
q56,q064,even if parents demands are unreasonable children still should do what they ask,even if parents demands are unreasonable children still should do what they ask,1.0000000000000007,"Wave2, Wave3, Wave4, Wave5, Wave6",Wave1,"('q064', 'q56')"
q20_other,q18_other,other specify responses,other specify responses,1.0000000000000002,Wave6,Wave6,"('q18_other', 'q20_other')"
q20_other,q185Other,other specify responses,other specify responses,1.0000000000000002,Wave6,Wave6,"('q185Other', 'q20_other')"
q20_other,q179other,other specify responses,other specify responses,1.0000000000000002,Wave6,Wave6,"('q179other', 'q20_other')"
q19_other,q173other,other specify responses,other specify responses,1.0000000000000002,Wave6,Wave6,"('q173other', 'q19_other')"
q19_other,q145other,other specify responses,other specify responses,1.0000000000000002,Wave6,Wave6,"('q145other', 'q19_other')"
q18_other,q97other,other specify responses,other specify responses,1.0000000000000002,Wave6,Wave6,"('q18_other', 'q97other')"
q20_2,q21,second organization,second organization,1.0000000000000002,Wave2,"Wave3, Wave4, Wave5, Wave6","('q20_2', 'q21')"
q19_other,q97other,other specify responses,other specify responses,1.0000000000000002,Wave6,Wave6,"('q19_other', 'q97other')"
q19_other,q97bother,other specify responses,b other specify responses,1.0000000000000002,Wave6,Wave6,"('q19_other', 'q97bother')"
q19_other,q97aother,other specify responses,a other specify responses,1.0000000000000002,Wave6,Wave6,"('q19_other', 'q97aother')"
q20_other,q19_other,other specify responses,other specify responses,1.0000000000000002,Wave6,Wave6,"('q19_other', 'q20_other')"
q18_other,q19_other,other specify responses,other specify responses,1.0000000000000002,Wave6,Wave6,"('q18_other', 'q19_other')"
q19_other,q21_other,other specify responses,other specify responses,1.0000000000000002,Wave6,Wave6,"('q19_other', 'q21_other')"
q19_other,q185Other,other specify responses,other specify responses,1.0000000000000002,Wave6,Wave6,"('q185Other', 'q19_other')"
q19_other,q179other,other specify responses,other specify responses,1.0000000000000002,Wave6,Wave6,"('q179other', 'q19_other')"
q34other,q18_other,other specify responses,other specify responses,1.0000000000000002,Wave6,Wave6,"('q18_other', 'q34other')"
q34other,q185Other,other specify responses,other specify responses,1.0000000000000002,Wave6,Wave6,"('q185Other', 'q34other')"
q184,q171,general speaking the influence the united states has on our country is,general speaking the influence the united states has on our country is,1.0000000000000002,"Wave5, Wave6","Wave4, Wave5, Wave6","('q171', 'q184')"
q185Other,q54other,other specify responses,other specify responses,1.0000000000000002,Wave6,Wave6,"('q185Other', 'q54other')"
q185Other,q53other,other specify responses,other specify responses,1.0000000000000002,Wave6,Wave6,"('q185Other', 'q53other')"
q185Other,q21_other,other specify responses,other specify responses,1.0000000000000002,Wave6,Wave6,"('q185Other', 'q21_other')"
q100,q96,where would you place our country under the present government,where would you place our country under the present government,1.0000000000000002,"Wave1, Wave2, Wave3, Wave4, Wave5, Wave6","Wave2, Wave3, Wave4, Wave5, Wave6","('q100', 'q96')"
q185Other,q173other,other specify responses,other specify responses,1.0000000000000002,Wave6,Wave6,"('q173other', 'q185Other')"
q185Other,q145other,other specify responses,other specify responses,1.0000000000000002,Wave6,Wave6,"('q145other', 'q185Other')"
q19_other,q34other,other specify responses,other specify responses,1.0000000000000002,Wave6,Wave6,"('q19_other', 'q34other')"
q20_other,q145other,other specify responses,other specify responses,1.0000000000000002,Wave6,Wave6,"('q145other', 'q20_other')"
q21_other,q145other,other specify responses,other specify responses,1.0000000000000002,Wave6,Wave6,"('q145other', 'q21_other')"
q20_other,q97other,other specify responses,other specify responses,1.0000000000000002,Wave6,Wave6,"('q20_other', 'q97other')"
q20_other,q97bother,other specify responses,b other specify responses,1.0000000000000002,Wave6,Wave6,"('q20_other', 'q97bother')"
q20_other,q97aother,other specify responses,a other specify responses,1.0000000000000002,Wave6,Wave6,"('q20_other', 'q97aother')"
q19_other,q54other,other specify responses,other specify responses,1.0000000000000002,Wave6,Wave6,"('q19_other', 'q54other')"
q19_other,q53other,other specify responses,other specify responses,1.0000000000000002,Wave6,Wave6,"('q19_other', 'q53other')"
q34other,q179other,other specify responses,other specify responses,1.0000000000000002,Wave6,Wave6,"('q179other', 'q34other')"
q20_other,q21_other,other specify responses,other specify responses,1.0000000000000002,Wave6,Wave6,"('q20_other', 'q21_other')"
q20_other,q173other,other specify responses,other specify responses,1.0000000000000002,Wave6,Wave6,"('q173other', 'q20_other')"
q21_other,q18_other,other specify responses,other specify responses,1.0000000000000002,Wave6,Wave6,"('q18_other', 'q21_other')"
q068,q59,a person should not insist on his own opinion if his co workers disagree with him,a person should not insist on his own opinion if his co workers disagree with him,1.0000000000000002,Wave1,"Wave2, Wave3, Wave4, Wave5, Wave6","('q068', 'q59')"
q54other,q97aother,other specify responses,a other specify responses,1.0000000000000002,Wave6,Wave6,"('q54other', 'q97aother')"
q54other,q53other,other specify responses,other specify responses,1.0000000000000002,Wave6,Wave6,"('q53other', 'q54other')"
q54other,q34other,other specify responses,other specify responses,1.0000000000000002,Wave6,Wave6,"('q34other', 'q54other')"
q54other,q21_other,other specify responses,other specify responses,1.0000000000000002,Wave6,Wave6,"('q21_other', 'q54other')"
q54other,q20_other,other specify responses,other specify responses,1.0000000000000002,Wave6,Wave6,"('q20_other', 'q54other')"
q54other,q18_other,other specify responses,other specify responses,1.0000000000000002,Wave6,Wave6,"('q18_other', 'q54other')"
q34other,q97bother,other specify responses,b other specify responses,1.0000000000000002,Wave6,Wave6,"('q34other', 'q97bother')"
q53other,q97aother,other specify responses,a other specify responses,1.0000000000000002,Wave6,Wave6,"('q53other', 'q97aother')"
q53other,q34other,other specify responses,other specify responses,1.0000000000000002,Wave6,Wave6,"('q34other', 'q53other')"
q066,q58,when one has a conflict with a neighbor the best way to deal with it is to accommodate the other per,when one has conflict with a neighbor the best way to deal with it is to accommodate the other perso,1.0000000000000002,Wave1,"Wave2, Wave3, Wave4, Wave5, Wave6","('q066', 'q58')"
q53other,q179other,other specify responses,other specify responses,1.0000000000000002,Wave6,Wave6,"('q179other', 'q53other')"
q53other,q173other,other specify responses,other specify responses,1.0000000000000002,Wave6,Wave6,"('q173other', 'q53other')"
q53other,q145other,other specify responses,other specify responses,1.0000000000000002,Wave6,Wave6,"('q145other', 'q53other')"
q54other,q179other,other specify responses,other specify responses,1.0000000000000002,Wave6,Wave6,"('q179other', 'q54other')"
q54other,q173other,other specify responses,other specify responses,1.0000000000000002,Wave6,Wave6,"('q173other', 'q54other')"
q53other,q97bother,other specify responses,b other specify responses,1.0000000000000002,Wave6,Wave6,"('q53other', 'q97bother')"
q34other,q97other,other specify responses,other specify responses,1.0000000000000002,Wave6,Wave6,"('q34other', 'q97other')"
q185Other,q97other,other specify responses,other specify responses,1.0000000000000002,Wave6,Wave6,"('q185Other', 'q97other')"
q34other,q173other,other specify responses,other specify responses,1.0000000000000002,Wave6,Wave6,"('q173other', 'q34other')"
q34other,q145other,other specify responses,other specify responses,1.0000000000000002,Wave6,Wave6,"('q145other', 'q34other')"
q34other,q21_other,other specify responses,other specify responses,1.0000000000000002,Wave6,Wave6,"('q21_other', 'q34other')"
q34other,q20_other,other specify responses,other specify responses,1.0000000000000002,Wave6,Wave6,"('q20_other', 'q34other')"
q21_other,q173other,other specify responses,other specify responses,1.0000000000000002,Wave6,Wave6,"('q173other', 'q21_other')"
q21_other,q97other,other specify responses,other specify responses,1.0000000000000002,Wave6,Wave6,"('q21_other', 'q97other')"
q21_other,q97bother,other specify responses,b other specify responses,1.0000000000000002,Wave6,Wave6,"('q21_other', 'q97bother')"
q21_other,q97aother,other specify responses,a other specify responses,1.0000000000000002,Wave6,Wave6,"('q21_other', 'q97aother')"
q20_other,q53other,other specify responses,other specify responses,1.0000000000000002,Wave6,Wave6,"('q20_other', 'q53other')"
q21_other,q53other,other specify responses,other specify responses,1.0000000000000002,Wave6,Wave6,"('q21_other', 'q53other')"
q21_other,q179other,other specify responses,other specify responses,1.0000000000000002,Wave6,Wave6,"('q179other', 'q21_other')"
q156a,q75a,a do you strongly agree or just agree with the chosen statement,a do you strongly agree or just agree with the chosen statement,1.0000000000000002,"Wave5, Wave6","Wave3, Wave4","('q156a', 'q75a')"
q156a,q74a,a do you strongly agree or just agree with the chosen statement,a do you strongly agree or just agree with the chosen statement,1.0000000000000002,"Wave5, Wave6","Wave3, Wave4","('q156a', 'q74a')"
q157a,q157b,a does china do more good or harm to the region,b does china do more good or harm to the region,1.0000000000000002,"Wave3, Wave5, Wave6",Wave3,"('q157a', 'q157b')"
q156a,q85a,a do you strongly agree or just agree with the chosen statement,a do you strongly agree or just agree with the chosen statement,1.0000000000000002,"Wave5, Wave6",Wave5,"('q156a', 'q85a')"
q156a,q84a,a do you strongly agree or just agree with the chosen statement,a do you strongly agree or just agree with the chosen statement,1.0000000000000002,"Wave5, Wave6",Wave5,"('q156a', 'q84a')"
q156a,q83a,a do you strongly agree or just agree with the chosen statement,a do you strongly agree or just agree with the chosen statement,1.0000000000000002,"Wave5, Wave6",Wave5,"('q156a', 'q83a')"
q156a,q82a,a do you strongly agree or just agree with the chosen statement,a do you strongly agree or just agree with the chosen statement,1.0000000000000002,"Wave5, Wave6","Wave4, Wave5","('q156a', 'q82a')"
q83a,q84a,a do you strongly agree or just agree with the chosen statement,a do you strongly agree or just agree with the chosen statement,1.0000000000000002,Wave5,Wave5,"('q83a', 'q84a')"
q97bother,q18_other,b other specify responses,other specify responses,1.0000000000000002,Wave6,Wave6,"('q18_other', 'q97bother')"
q186,q172,how close do you feel to asean asean countries only,how close do you feel to asean asean countries only,1.0000000000000002,"Wave5, Wave6","Wave4, Wave5","('q172', 'q186')"
q97bother,q179other,b other specify responses,other specify responses,1.0000000000000002,Wave6,Wave6,"('q179other', 'q97bother')"
q97bother,q173other,b other specify responses,other specify responses,1.0000000000000002,Wave6,Wave6,"('q173other', 'q97bother')"
q97bother,q145other,b other specify responses,other specify responses,1.0000000000000002,Wave6,Wave6,"('q145other', 'q97bother')"
q97aother,q173other,a other specify responses,other specify responses,1.0000000000000002,Wave6,Wave6,"('q173other', 'q97aother')"
q97aother,q145other,a other specify responses,other specify responses,1.0000000000000002,Wave6,Wave6,"('q145other', 'q97aother')"
q97aother,q97other,a other specify responses,other specify responses,1.0000000000000002,Wave6,Wave6,"('q97aother', 'q97other')"
q97aother,q97bother,a other specify responses,b other specify responses,1.0000000000000002,Wave6,Wave6,"('q97aother', 'q97bother')"
q97bother,q185Other,b other specify responses,other specify responses,1.0000000000000002,Wave6,Wave6,"('q185Other', 'q97bother')"
q83a,q82a,a do you strongly agree or just agree with the chosen statement,a do you strongly agree or just agree with the chosen statement,1.0000000000000002,Wave5,"Wave4, Wave5","('q82a', 'q83a')"
q82a,q80a,a do you strongly agree or just agree with the chosen statement,a do you strongly agree or just agree with the chosen statement,1.0000000000000002,"Wave4, Wave5",Wave4,"('q80a', 'q82a')"
q82a,q79a,a do you strongly agree or just agree with the chosen statement,a do you strongly agree or just agree with the chosen statement,1.0000000000000002,"Wave4, Wave5","Wave3, Wave4","('q79a', 'q82a')"
q83a,q80a,a do you strongly agree or just agree with the chosen statement,a do you strongly agree or just agree with the chosen statement,1.0000000000000002,Wave5,Wave4,"('q80a', 'q83a')"
q83a,q79a,a do you strongly agree or just agree with the chosen statement,a do you strongly agree or just agree with the chosen statement,1.0000000000000002,Wave5,"Wave3, Wave4","('q79a', 'q83a')"
q83a,q78a,a do you strongly agree or just agree with the chosen statement,a do you strongly agree or just agree with the chosen statement,1.0000000000000002,Wave5,Wave3,"('q78a', 'q83a')"
q83a,q77a,a do you strongly agree or just agree with the chosen statement,a do you strongly agree or just agree with the chosen statement,1.0000000000000002,Wave5,"Wave3, Wave4","('q77a', 'q83a')"
q83a,q76a,a do you strongly agree or just agree with the chosen statement,a do you strongly agree or just agree with the chosen statement,1.0000000000000002,Wave5,"Wave3, Wave4","('q76a', 'q83a')"
q83a,q75a,a do you strongly agree or just agree with the chosen statement,a do you strongly agree or just agree with the chosen statement,1.0000000000000002,Wave5,"Wave3, Wave4","('q75a', 'q83a')"
q169,q182,general speaking the influence china has on our country is,general speaking the influence china has on our country is,1.0000000000000002,"Wave4, Wave5, Wave6","Wave5, Wave6","('q169', 'q182')"
q168,q181,how much influence does china have on our country,how much influence does china have on our country,1.0000000000000002,"Wave4, Wave5, Wave6","Wave5, Wave6","('q168', 'q181')"
q173other,q179other,other specify responses,other specify responses,1.0000000000000002,Wave6,Wave6,"('q173other', 'q179other')"
q173other,q145other,other specify responses,other specify responses,1.0000000000000002,Wave6,Wave6,"('q145other', 'q173other')"
q173other,q18_other,other specify responses,other specify responses,1.0000000000000002,Wave6,Wave6,"('q173other', 'q18_other')"
q185Other,q97aother,other specify responses,a other specify responses,1.0000000000000002,Wave6,Wave6,"('q185Other', 'q97aother')"
q18_other,q97aother,other specify responses,a other specify responses,1.0000000000000002,Wave6,Wave6,"('q18_other', 'q97aother')"
q18_other,q53other,other specify responses,other specify responses,1.0000000000000002,Wave6,Wave6,"('q18_other', 'q53other')"
q185Other,q18_other,other specify responses,other specify responses,1.0000000000000002,Wave6,Wave6,"('q185Other', 'q18_other')"
q185Other,q179other,other specify responses,other specify responses,1.0000000000000002,Wave6,Wave6,"('q179other', 'q185Other')"
q18_other,q179other,other specify responses,other specify responses,1.0000000000000002,Wave6,Wave6,"('q179other', 'q18_other')"
q18_other,q145other,other specify responses,other specify responses,1.0000000000000002,Wave6,Wave6,"('q145other', 'q18_other')"
q54other,q145other,other specify responses,other specify responses,1.0000000000000002,Wave6,Wave6,"('q145other', 'q54other')"
q97aother,q179other,a other specify responses,other specify responses,1.0000000000000002,Wave6,Wave6,"('q179other', 'q97aother')"
q85a,q83a,a do you strongly agree or just agree with the chosen statement,a do you strongly agree or just agree with the chosen statement,1.0000000000000002,Wave5,Wave5,"('q83a', 'q85a')"
q85a,q82a,a do you strongly agree or just agree with the chosen statement,a do you strongly agree or just agree with the chosen statement,1.0000000000000002,Wave5,"Wave4, Wave5","('q82a', 'q85a')"
q85a,q81a,a do you strongly agree or just agree with the chosen statement,a do you strongly agree or just agree with the chosen statement,1.0000000000000002,Wave5,Wave4,"('q81a', 'q85a')"
q85a,q80a,a do you strongly agree or just agree with the chosen statement,a do you strongly agree or just agree with the chosen statement,1.0000000000000002,Wave5,Wave4,"('q80a', 'q85a')"
q85a,q79a,a do you strongly agree or just agree with the chosen statement,a do you strongly agree or just agree with the chosen statement,1.0000000000000002,Wave5,"Wave3, Wave4","('q79a', 'q85a')"
q97other,q53other,other specify responses,other specify responses,1.0000000000000002,Wave6,Wave6,"('q53other', 'q97other')"
q145other,q97other,other specify responses,other specify responses,1.0000000000000002,Wave6,Wave6,"('q145other', 'q97other')"
q97other,q179other,other specify responses,other specify responses,1.0000000000000002,Wave6,Wave6,"('q179other', 'q97other')"
q97other,q54other,other specify responses,other specify responses,1.0000000000000002,Wave6,Wave6,"('q54other', 'q97other')"
q80a,q81a,a do you strongly agree or just agree with the chosen statement,a do you strongly agree or just agree with the chosen statement,1.0000000000000002,Wave4,Wave4,"('q80a', 'q81a')"
q80a,q79a,a do you strongly agree or just agree with the chosen statement,a do you strongly agree or just agree with the chosen statement,1.0000000000000002,Wave4,"Wave3, Wave4","('q79a', 'q80a')"
q84a,q76a,a do you strongly agree or just agree with the chosen statement,a do you strongly agree or just agree with the chosen statement,1.0000000000000002,Wave5,"Wave3, Wave4","('q76a', 'q84a')"
q85a,q77a,a do you strongly agree or just agree with the chosen statement,a do you strongly agree or just agree with the chosen statement,1.0000000000000002,Wave5,"Wave3, Wave4","('q77a', 'q85a')"
q85a,q76a,a do you strongly agree or just agree with the chosen statement,a do you strongly agree or just agree with the chosen statement,1.0000000000000002,Wave5,"Wave3, Wave4","('q76a', 'q85a')"
q85a,q75a,a do you strongly agree or just agree with the chosen statement,a do you strongly agree or just agree with the chosen statement,1.0000000000000002,Wave5,"Wave3, Wave4","('q75a', 'q85a')"
q85a,q74a,a do you strongly agree or just agree with the chosen statement,a do you strongly agree or just agree with the chosen statement,1.0000000000000002,Wave5,"Wave3, Wave4","('q74a', 'q85a')"
q85a,q84a,a do you strongly agree or just agree with the chosen statement,a do you strongly agree or just agree with the chosen statement,1.0000000000000002,Wave5,Wave5,"('q84a', 'q85a')"
q83a,q81a,a do you strongly agree or just agree with the chosen statement,a do you strongly agree or just agree with the chosen statement,1.0000000000000002,Wave5,Wave4,"('q81a', 'q83a')"
q84a,q82a,a do you strongly agree or just agree with the chosen statement,a do you strongly agree or just agree with the chosen statement,1.0000000000000002,Wave5,"Wave4, Wave5","('q82a', 'q84a')"
q84a,q81a,a do you strongly agree or just agree with the chosen statement,a do you strongly agree or just agree with the chosen statement,1.0000000000000002,Wave5,Wave4,"('q81a', 'q84a')"
q84a,q80a,a do you strongly agree or just agree with the chosen statement,a do you strongly agree or just agree with the chosen statement,1.0000000000000002,Wave5,Wave4,"('q80a', 'q84a')"
q84a,q79a,a do you strongly agree or just agree with the chosen statement,a do you strongly agree or just agree with the chosen statement,1.0000000000000002,Wave5,"Wave3, Wave4","('q79a', 'q84a')"
q84a,q78a,a do you strongly agree or just agree with the chosen statement,a do you strongly agree or just agree with the chosen statement,1.0000000000000002,Wave5,Wave3,"('q78a', 'q84a')"
q84a,q77a,a do you strongly agree or just agree with the chosen statement,a do you strongly agree or just agree with the chosen statement,1.0000000000000002,Wave5,"Wave3, Wave4","('q77a', 'q84a')"
q83a,q74a,a do you strongly agree or just agree with the chosen statement,a do you strongly agree or just agree with the chosen statement,1.0000000000000002,Wave5,"Wave3, Wave4","('q74a', 'q83a')"
q82a,q81a,a do you strongly agree or just agree with the chosen statement,a do you strongly agree or just agree with the chosen statement,1.0000000000000002,"Wave4, Wave5",Wave4,"('q81a', 'q82a')"
q81a,q79a,a do you strongly agree or just agree with the chosen statement,a do you strongly agree or just agree with the chosen statement,1.0000000000000002,Wave4,"Wave3, Wave4","('q79a', 'q81a')"
q81a,q78a,a do you strongly agree or just agree with the chosen statement,a do you strongly agree or just agree with the chosen statement,1.0000000000000002,Wave4,Wave3,"('q78a', 'q81a')"
q82a,q77a,a do you strongly agree or just agree with the chosen statement,a do you strongly agree or just agree with the chosen statement,1.0000000000000002,"Wave4, Wave5","Wave3, Wave4","('q77a', 'q82a')"
q80a,q78a,a do you strongly agree or just agree with the chosen statement,a do you strongly agree or just agree with the chosen statement,1.0000000000000002,Wave4,Wave3,"('q78a', 'q80a')"
q80a,q77a,a do you strongly agree or just agree with the chosen statement,a do you strongly agree or just agree with the chosen statement,1.0000000000000002,Wave4,"Wave3, Wave4","('q77a', 'q80a')"
q81a,q77a,a do you strongly agree or just agree with the chosen statement,a do you strongly agree or just agree with the chosen statement,1.0000000000000002,Wave4,"Wave3, Wave4","('q77a', 'q81a')"
q81a,q76a,a do you strongly agree or just agree with the chosen statement,a do you strongly agree or just agree with the chosen statement,1.0000000000000002,Wave4,"Wave3, Wave4","('q76a', 'q81a')"
q81a,q75a,a do you strongly agree or just agree with the chosen statement,a do you strongly agree or just agree with the chosen statement,1.0000000000000002,Wave4,"Wave3, Wave4","('q75a', 'q81a')"
q81a,q74a,a do you strongly agree or just agree with the chosen statement,a do you strongly agree or just agree with the chosen statement,1.0000000000000002,Wave4,"Wave3, Wave4","('q74a', 'q81a')"
q81a,q156a,a do you strongly agree or just agree with the chosen statement,a do you strongly agree or just agree with the chosen statement,1.0000000000000002,Wave4,"Wave5, Wave6","('q156a', 'q81a')"
q80a,q156a,a do you strongly agree or just agree with the chosen statement,a do you strongly agree or just agree with the chosen statement,1.0000000000000002,Wave4,"Wave5, Wave6","('q156a', 'q80a')"
q82a,q78a,a do you strongly agree or just agree with the chosen statement,a do you strongly agree or just agree with the chosen statement,1.0000000000000002,"Wave4, Wave5",Wave3,"('q78a', 'q82a')"
q179other,q145other,other specify responses,other specify responses,1.0000000000000002,Wave6,Wave6,"('q145other', 'q179other')"
q85a,q78a,a do you strongly agree or just agree with the chosen statement,a do you strongly agree or just agree with the chosen statement,1.0000000000000002,Wave5,Wave3,"('q78a', 'q85a')"
q173other,q97other,other specify responses,other specify responses,1.0000000000000002,Wave6,Wave6,"('q173other', 'q97other')"
q156a,q79a,a do you strongly agree or just agree with the chosen statement,a do you strongly agree or just agree with the chosen statement,1.0000000000000002,"Wave5, Wave6","Wave3, Wave4","('q156a', 'q79a')"
q156a,q78a,a do you strongly agree or just agree with the chosen statement,a do you strongly agree or just agree with the chosen statement,1.0000000000000002,"Wave5, Wave6",Wave3,"('q156a', 'q78a')"
q156a,q77a,a do you strongly agree or just agree with the chosen statement,a do you strongly agree or just agree with the chosen statement,1.0000000000000002,"Wave5, Wave6","Wave3, Wave4","('q156a', 'q77a')"
q156a,q76a,a do you strongly agree or just agree with the chosen statement,a do you strongly agree or just agree with the chosen statement,1.0000000000000002,"Wave5, Wave6","Wave3, Wave4","('q156a', 'q76a')"
q97aother,q34other,a other specify responses,other specify responses,1.0000000000000002,Wave6,Wave6,"('q34other', 'q97aother')"
q84a,q75a,a do you strongly agree or just agree with the chosen statement,a do you strongly agree or just agree with the chosen statement,1.0000000000000002,Wave5,"Wave3, Wave4","('q75a', 'q84a')"
q84a,q74a,a do you strongly agree or just agree with the chosen statement,a do you strongly agree or just agree with the chosen statement,1.0000000000000002,Wave5,"Wave3, Wave4","('q74a', 'q84a')"
q97other,q97bother,other specify responses,b other specify responses,1.0000000000000002,Wave6,Wave6,"('q97bother', 'q97other')"
q97bother,q54other,b other specify responses,other specify responses,1.0000000000000002,Wave6,Wave6,"('q54other', 'q97bother')"
q76a,q74a,a do you strongly agree or just agree with the chosen statement,a do you strongly agree or just agree with the chosen statement,1.0000000000000002,"Wave3, Wave4","Wave3, Wave4","('q74a', 'q76a')"
q77a,q76a,a do you strongly agree or just agree with the chosen statement,a do you strongly agree or just agree with the chosen statement,1.0000000000000002,"Wave3, Wave4","Wave3, Wave4","('q76a', 'q77a')"
q77a,q74a,a do you strongly agree or just agree with the chosen statement,a do you strongly agree or just agree with the chosen statement,1.0000000000000002,"Wave3, Wave4","Wave3, Wave4","('q74a', 'q77a')"
q75a,q80a,a do you strongly agree or just agree with the chosen statement,a do you strongly agree or just agree with the chosen statement,1.0000000000000002,"Wave3, Wave4",Wave4,"('q75a', 'q80a')"
q76a,q82a,a do you strongly agree or just agree with the chosen statement,a do you strongly agree or just agree with the chosen statement,1.0000000000000002,"Wave3, Wave4","Wave4, Wave5","('q76a', 'q82a')"
q76a,q80a,a do you strongly agree or just agree with the chosen statement,a do you strongly agree or just agree with the chosen statement,1.0000000000000002,"Wave3, Wave4",Wave4,"('q76a', 'q80a')"
q76a,q79a,a do you strongly agree or just agree with the chosen statement,a do you strongly agree or just agree with the chosen statement,1.0000000000000002,"Wave3, Wave4","Wave3, Wave4","('q76a', 'q79a')"
q77a,q75a,a do you strongly agree or just agree with the chosen statement,a do you strongly agree or just agree with the chosen statement,1.0000000000000002,"Wave3, Wave4","Wave3, Wave4","('q75a', 'q77a')"
q75a,q79a,a do you strongly agree or just agree with the chosen statement,a do you strongly agree or just agree with the chosen statement,1.0000000000000002,"Wave3, Wave4","Wave3, Wave4","('q75a', 'q79a')"
q75a,q78a,a do you strongly agree or just agree with the chosen statement,a do you strongly agree or just agree with the chosen statement,1.0000000000000002,"Wave3, Wave4",Wave3,"('q75a', 'q78a')"
q75a,q76a,a do you strongly agree or just agree with the chosen statement,a do you strongly agree or just agree with the chosen statement,1.0000000000000002,"Wave3, Wave4","Wave3, Wave4","('q75a', 'q76a')"
q74a,q79a,a do you strongly agree or just agree with the chosen statement,a do you strongly agree or just agree with the chosen statement,1.0000000000000002,"Wave3, Wave4","Wave3, Wave4","('q74a', 'q79a')"
q74a,q78a,a do you strongly agree or just agree with the chosen statement,a do you strongly agree or just agree with the chosen statement,1.0000000000000002,"Wave3, Wave4",Wave3,"('q74a', 'q78a')"
q74a,q75a,a do you strongly agree or just agree with the chosen statement,a do you strongly agree or just agree with the chosen statement,1.0000000000000002,"Wave3, Wave4","Wave3, Wave4","('q74a', 'q75a')"
q74a,q82a,a do you strongly agree or just agree with the chosen statement,a do you strongly agree or just agree with the chosen statement,1.0000000000000002,"Wave3, Wave4","Wave4, Wave5","('q74a', 'q82a')"
q74a,q80a,a do you strongly agree or just agree with the chosen statement,a do you strongly agree or just agree with the chosen statement,1.0000000000000002,"Wave3, Wave4",Wave4,"('q74a', 'q80a')"
q78a,q77a,a do you strongly agree or just agree with the chosen statement,a do you strongly agree or just agree with the chosen statement,1.0000000000000002,Wave3,"Wave3, Wave4","('q77a', 'q78a')"
q78a,q76a,a do you strongly agree or just agree with the chosen statement,a do you strongly agree or just agree with the chosen statement,1.0000000000000002,Wave3,"Wave3, Wave4","('q76a', 'q78a')"
q77a,q79a,a do you strongly agree or just agree with the chosen statement,a do you strongly agree or just agree with the chosen statement,1.0000000000000002,"Wave3, Wave4","Wave3, Wave4","('q77a', 'q79a')"
q78a,q79a,a do you strongly agree or just agree with the chosen statement,a do you strongly agree or just agree with the chosen statement,1.0000000000000002,Wave3,"Wave3, Wave4","('q78a', 'q79a')"
q82a,q75a,a do you strongly agree or just agree with the chosen statement,a do you strongly agree or just agree with the chosen statement,1.0000000000000002,"Wave4, Wave5","Wave3, Wave4","('q75a', 'q82a')"
q97,q101,to what extent would you want our country to be democratic now,to what extent would you want our country to be democratic now,1.0,"Wave2, Wave3, Wave4, Wave5, Wave6","Wave1, Wave2, Wave3, Wave4, Wave5, Wave6","('q101', 'q97')"
q001,q1,how would you rate the overall economic condition of our country today,how would you rate the overall economic condition of our country today,1.0,Wave1,"Wave2, Wave3, Wave4, Wave5, Wave6","('q001', 'q1')"
q069,q60,for the sake of the family the individual should put his personal interests second,for the sake of the family the individual should put his personal interests second,1.0,Wave1,"Wave2, Wave3, Wave4, Wave5, Wave6","('q069', 'q60')"
q22,q20_3,third organization,third organization,1.0,"Wave3, Wave4, Wave5, Wave6",Wave2,"('q20_3', 'q22')"
q118,q120,which comes closer to your own view,which comes closer to your own view,1.0,"Wave1, Wave2, Wave3, Wave4, Wave5, Wave6","Wave1, Wave2, Wave3, Wave4, Wave5, Wave6","('q118', 'q120')"
q180,q167,which country should be a model for our own country s future development,which country should be a model for our own country s future development,1.0,"Wave5, Wave6","Wave4, Wave5, Wave6","('q167', 'q180')"
q004,q4,as for your own family how do you rate your economic situation today,as for your own family how do you rate your economic situation today,0.9999999999999999,Wave1,"Wave2, Wave3, Wave4, Wave5, Wave6","('q004', 'q4')"
q119b,q127a_2,b did you personally witness it or were you told about it by a family member or friend who personall,a_2 did you personally witness it or were you told about it by a family member or friend who persona,0.9800514118834348,Wave6,Wave5,"('q119b', 'q127a_2')"
q127a_3,q119c,a_3 did you personally witness it or were you told about it by a family member or friend who persona,c did you personally witness it or were you told about it by a family member or friend who personall,0.9789180411867456,Wave5,Wave6,"('q119c', 'q127a_3')"
q127a_1,q119a,a_1 did you personally witness it or were you told about it by a family member or friend who persona,a did you personally witness it or were you told about it by a family member or friend who personall,0.9651376778012735,Wave5,Wave6,"('q119a', 'q127a_1')"
q119c,q119b,c did you personally witness it or were you told about it by a family member or friend who personall,b did you personally witness it or were you told about it by a family member or friend who personall,0.9485931826370622,Wave6,Wave6,"('q119b', 'q119c')"
q41,q030,try to persuade others to vote for a certain candidate or party,did you try to persuade others to vote for a certain candidate or party,0.9373005320555385,"Wave2, Wave3, Wave4, Wave5, Wave6",Wave1,"('q030', 'q41')"
q127a_2,q119c,a_2 did you personally witness it or were you told about it by a family member or friend who persona,c did you personally witness it or were you told about it by a family member or friend who personall,0.9296700879464534,Wave5,Wave6,"('q119c', 'q127a_2')"
q119b,q127a_3,b did you personally witness it or were you told about it by a family member or friend who personall,a_3 did you personally witness it or were you told about it by a family member or friend who persona,0.9285949802301732,Wave6,Wave5,"('q119b', 'q127a_3')"
q119c,q119a,c did you personally witness it or were you told about it by a family member or friend who personall,a did you personally witness it or were you told about it by a family member or friend who personall,0.9183522896086646,Wave6,Wave6,"('q119a', 'q119c')"
q119a,q119b,a did you personally witness it or were you told about it by a family member or friend who personall,b did you personally witness it or were you told about it by a family member or friend who personall,0.9164881759794028,Wave6,Wave6,"('q119a', 'q119b')"
q147,q147a,a political leader should tolerate the views of those who challenge his political ideals,a political leader should not tolerate the views of those who challenge his political ideals,0.9135569478390638,"Wave1, Wave2, Wave3, Wave4, Wave5, Wave6","Wave1, Wave3","('q147', 'q147a')"
q127a_3,q127a_2,a_3 did you personally witness it or were you told about it by a family member or friend who persona,a_2 did you personally witness it or were you told about it by a family member or friend who persona,0.910070821442451,Wave5,Wave5,"('q127a_2', 'q127a_3')"
q119a,q127a_3,a did you personally witness it or were you told about it by a family member or friend who personall,a_3 did you personally witness it or were you told about it by a family member or friend who persona,0.8989916244630768,Wave6,Wave5,"('q119a', 'q127a_3')"
q127a_2,q119a,a_2 did you personally witness it or were you told about it by a family member or friend who persona,a did you personally witness it or were you told about it by a family member or friend who personall,0.8982055308430861,Wave5,Wave6,"('q119a', 'q127a_2')"
q029,q40,did you attend a campaign meeting or rally,attend a campaign meeting or rally,0.8930438529292465,Wave1,"Wave2, Wave3, Wave4, Wave5, Wave6","('q029', 'q40')"
q97b,q97a,b what are the most important problems facing this country that government should address third,a what are the most important problems facing this country that government should address second,0.8902616955820257,Wave6,Wave6,"('q97a', 'q97b')"
q70a,q80,a contacted officials at higher level 4 categories,contacted officials at higher level,0.8874159585719189,Wave4,"Wave2, Wave3, Wave4, Wave5, Wave6","('q70a', 'q80')"
q119c,q127a_1,c did you personally witness it or were you told about it by a family member or friend who personall,a_1 did you personally witness it or were you told about it by a family member or friend who persona,0.8863363961963892,Wave6,Wave5,"('q119c', 'q127a_1')"
q127a_1,q119b,a_1 did you personally witness it or were you told about it by a family member or friend who persona,b did you personally witness it or were you told about it by a family member or friend who personall,0.8845372698970858,Wave5,Wave6,"('q119b', 'q127a_1')"
q5,q005,how would you compare the current economic condition of your family with what it was a few years ago,how would you compare the current economic condition of your family with what it was five years ago,0.8843222346600972,"Wave2, Wave3, Wave4, Wave5, Wave6",Wave1,"('q005', 'q5')"
q76,q143,for the sake of the national community society the individual should be prepared to sacrifice,for the sake of the national community society the individual should be prepared to sacrifice his pe,0.8817387819865425,"Wave2, Wave3, Wave4, Wave5, Wave6","Wave1, Wave2, Wave3, Wave4, Wave5","('q143', 'q76')"
q127a_3,q127a_1,a_3 did you personally witness it or were you told about it by a family member or friend who persona,a_1 did you personally witness it or were you told about it by a family member or friend who persona,0.8676506887970891,Wave5,Wave5,"('q127a_1', 'q127a_3')"
q98,q103,which would you think democracy is suitable for our country,do you think democracy is suitable for our country,0.8673750666080873,"Wave2, Wave3, Wave4, Wave5, Wave6","Wave1, Wave2, Wave3, Wave4, Wave5, Wave6","('q103', 'q98')"
q003,q3,what do you think will be the state of our country s economic condition five years from now,what do you think will be the state of our country s economic condition a few years from now,0.8671596278776144,Wave1,"Wave2, Wave3, Wave4, Wave5, Wave6","('q003', 'q3')"
q127a_2,q127a_1,a_2 did you personally witness it or were you told about it by a family member or friend who persona,a_1 did you personally witness it or were you told about it by a family member or friend who persona,0.866892000226157,Wave5,Wave5,"('q127a_1', 'q127a_2')"
q057,q50,how often do you follow news about politics,how often do you follow news about politics and government,0.8666821185990914,Wave1,"Wave2, Wave3, Wave4, Wave5, Wave6","('q057', 'q50')"
q156,q160,relation the european community or european union,impression the european community or european union,0.8608528963347528,"Wave2, Wave3, Wave4, Wave5, Wave6","Wave2, Wave3, Wave4","('q156', 'q160')"
q006,q6,what do you think the economic situation of your family will be five years from now,what do you think the economic situation of your family will be a few years from now,0.8583942789818381,Wave1,"Wave2, Wave3, Wave4, Wave5, Wave6","('q006', 'q6')"
q104,q99,how satisfied or dissatisfied are you with the current government,how satisfied or dissatisfied are you with the government,0.8466753054859512,"Wave1, Wave2, Wave3, Wave4, Wave5, Wave6","Wave2, Wave3, Wave4, Wave5, Wave6","('q104', 'q99')"
q49,q056,how interested would you say you are in politics,how interested would you say you are interested in politics,0.8442621278358601,"Wave2, Wave3, Wave4, Wave5, Wave6",Wave1,"('q056', 'q49')"
q039,q040,asked to vote for a particular candidate _government official whom you know personally,asked to vote for a particular candidate _government official whom you don t know,0.839307202955815,Wave1,Wave1,"('q039', 'q040')"
q057a,q058,how often do you follow news about politics in the daily newspaper television and radio,how often do you follow news about politics in the daily newspaper,0.8381011831617927,Wave1,Wave1,"('q057a', 'q058')"
q106b,q97a,b what are the most important problems facing this country that government should address 3rd respon,a what are the most important problems facing this country that government should address second,0.8362504149838257,Wave5,Wave6,"('q106b', 'q97a')"
q97a,q106a,a what are the most important problems facing this country that government should address second,a what are the most important problems facing this country that government should address 2nd respon,0.8362504149838256,Wave6,Wave5,"('q106a', 'q97a')"
q97b,q106b,b what are the most important problems facing this country that government should address third,b what are the most important problems facing this country that government should address 3rd respon,0.8344883831230622,Wave6,Wave5,"('q106b', 'q97b')"
q106a,q97b,a what are the most important problems facing this country that government should address 2nd respon,b what are the most important problems facing this country that government should address third,0.8344883831230621,Wave5,Wave6,"('q106a', 'q97b')"
q041,q042,asked to vote for a particular candidate _candidate party activist whom you know personally,asked to vote for a particular candidate _candidate party activist whom you dont know,0.8327579855902464,Wave1,Wave1,"('q041', 'q042')"
q057,q059,how often do you follow news about politics,how often do you follow news about politics on television,0.8305572192724975,Wave1,Wave1,"('q057', 'q059')"
q002,q2,how would you describe the change in the economic condition of our country over the past five years,how would you describe the change in the economic condition of our country over the last years,0.82812024346222,Wave1,"Wave2, Wave3, Wave4, Wave5, Wave6","('q002', 'q2')"
q106a,q106b,a what are the most important problems facing this country that government should address 2nd respon,b what are the most important problems facing this country that government should address 3rd respon,0.8277093620174201,Wave5,Wave5,"('q106a', 'q106b')"
q53,q061,how much impact do you feel government politics have on your daily life,how much impact do you feel government policies have on your daily life,0.8146514105926734,"Wave2, Wave3, Wave4, Wave5, Wave6",Wave1,"('q061', 'q53')"
q162,q158,impression international monetary fund or imf,relation international monetary fund or imf,0.8090477778601028,"Wave2, Wave4, Wave5, Wave6","Wave2, Wave3, Wave4, Wave5, Wave6","('q158', 'q162')"
q157b,q177,b does china do more good or harm to the region,does china do more good or harm to asia,0.8081787047373654,Wave3,"Wave5, Wave6","('q157b', 'q177')"
q157a,q177,a does china do more good or harm to the region,does china do more good or harm to asia,0.8081787047373654,"Wave3, Wave5, Wave6","Wave5, Wave6","('q157a', 'q177')"
q086,q088,did you do this alone or with others _contacted media,did you do this alone or with others _contacted other people,0.8033945380400094,Wave1,Wave1,"('q086', 'q088')"
q057,q060,how often do you follow news about politics,how often do you follow news about politics on the radio,0.7958805117328803,Wave1,Wave1,"('q057', 'q060')"
q139b,q139c,b did you or a member of your family suffer from loss of job,c did you or a member of your family suffer from loss of household income,0.7951292909348716,Wave6,Wave6,"('q139b', 'q139c')"
q075,q81,contacted elected legislative representatives at any level,contacted elected officials or legislative representatives at any level,0.79376519815829,Wave1,"Wave2, Wave3, Wave4, Wave5, Wave6","('q075', 'q81')"
q51c,q52c,c you use social media primarily to share news or information,c how often do you use social media to share news or information,0.7906572684188375,Wave5,Wave6,"('q51c', 'q52c')"
q157,q161,relation the united nations or un,impression the united nations or un,0.7901999749657771,"Wave2, Wave3, Wave4, Wave5, Wave6","Wave2, Wave3, Wave4, Wave5, Wave6","('q157', 'q161')"
q081,q086,did you do this alone or with others _contacted government official,did you do this alone or with others _contacted media,0.787160289442404,Wave1,Wave1,"('q081', 'q086')"
q060,q059,how often do you follow news about politics on the radio,how often do you follow news about politics on television,0.7857504355058226,Wave1,Wave1,"('q059', 'q060')"
q82,q076,contacted officials of political parties or other political organizations,contacted political parties or other political organizations,0.7611933060355534,"Wave2, Wave3, Wave4, Wave5, Wave6",Wave1,"('q076', 'q82')"
q057,q058,how often do you follow news about politics,how often do you follow news about politics in the daily newspaper,0.7599797449549375,Wave1,Wave1,"('q057', 'q058')"
q054,q053,influential_candidate party activist whom you don t know,influential_candidate party activist whom you know personally,0.7575527274957518,Wave1,Wave1,"('q053', 'q054')"
q099,q95,where would you place our country on this scale during the period of,where would you place our country during the period of,0.7569953017888531,Wave1,"Wave2, Wave3, Wave4, Wave5, Wave6","('q099', 'q95')"
q081,q088,did you do this alone or with others _contacted government official,did you do this alone or with others _contacted other people,0.7547984253171227,Wave1,Wave1,"('q081', 'q088')"
q092,q076,gift or dinner_contacted political parties or other political organizations,contacted political parties or other political organizations,0.7359617040201475,Wave1,Wave1,"('q076', 'q092')"
q013,q012,how much trust do you have in the police,how much trust do you have in the military,0.7320694054366432,Wave1,Wave1,"('q012', 'q013')"
q013,q007,how much trust do you have in the police,how much trust do you have in the courts,0.7269310426997376,Wave1,Wave1,"('q007', 'q013')"
q007,q012,how much trust do you have in the courts,how much trust do you have in the military,0.7230974975631649,Wave1,Wave1,"('q007', 'q012')"
q42,q031,did you do anything else to help out or work for a party or candidate running in the election,did you do anything else to help or show your support for a party or candidate running in the electi,0.72173381603227,"Wave2, Wave3, Wave4, Wave5, Wave6",Wave1,"('q031', 'q42')"
q83,q077,contacted representative of non government civil society organizations,contacted non government civil society organizations,0.7210117882294835,"Wave2, Wave3, Wave4, Wave5, Wave6",Wave1,"('q077', 'q83')"
q175,q177,does the united states do more good or harm to asia,does china do more good or harm to asia,0.720793767235009,"Wave5, Wave6","Wave5, Wave6","('q175', 'q177')"
q50,q059,how often do you follow news about politics and government,how often do you follow news about politics on television,0.7198290904168579,"Wave2, Wave3, Wave4, Wave5, Wave6",Wave1,"('q059', 'q50')"
q24,q25,how much trust do you have in your relatives,how much trust do you have in your neighbors,0.7132803560878155,"Wave2, Wave3, Wave4, Wave5, Wave6","Wave2, Wave3, Wave4, Wave5, Wave6","('q24', 'q25')"
q176,q178,the influence of the u s on world affairs today is negative or positive,the infulece of china on world affairs today is negative or positive,0.7089820244587718,"Wave5, Wave6","Wave5, Wave6","('q176', 'q178')"
q052,q051,influential_government official whom you don t know,influential_government official whom you know personally,0.7089031529557346,Wave1,Wave1,"('q051', 'q052')"
q171,q169,general speaking the influence the united states has on our country is,general speaking the influence china has on our country is,0.7082091147196544,"Wave4, Wave5, Wave6","Wave4, Wave5, Wave6","('q169', 'q171')"
q182,q171,general speaking the influence china has on our country is,general speaking the influence the united states has on our country is,0.7082091147196544,"Wave5, Wave6","Wave4, Wave5, Wave6","('q171', 'q182')"
q184,q182,general speaking the influence the united states has on our country is,general speaking the influence china has on our country is,0.7082091147196544,"Wave5, Wave6","Wave5, Wave6","('q182', 'q184')"
q184,q169,general speaking the influence the united states has on our country is,general speaking the influence china has on our country is,0.7082091147196544,"Wave5, Wave6","Wave4, Wave5, Wave6","('q169', 'q184')"
q010,q016,how much trust do you have in parliament,how much trust do you have in television,0.7055706084627644,Wave1,Wave1,"('q010', 'q016')"
q124,q121,we should get rid of parliament and elections and have the experts decide everything,we should get rid of parliament and elections and have a strong leader decide things,0.7046661791214593,"Wave1, Wave2, Wave3, Wave4, Wave5, Wave6","Wave1, Wave2, Wave3, Wave4, Wave5, Wave6","('q121', 'q124')"
q077,q085,contacted non government civil society organizations,did you do this alone or with others _ contacted non government civil society organizations,0.6999946104919494,Wave1,Wave1,"('q077', 'q085')"
q008,q013,how much trust do you have in the national government,how much trust do you have in the police,0.6968513064143433,Wave1,Wave1,"('q008', 'q013')"
q086,q082,did you do this alone or with others _contacted media,did you do this alone or with others _contacted officials at higher level,0.696499450142784,Wave1,Wave1,"('q082', 'q086')"
q012,q008,how much trust do you have in the military,how much trust do you have in the national government,0.6931763898408294,Wave1,Wave1,"('q008', 'q012')"
q160c,q160b,c it is the responsibility of the government to make sure that everyone has access to basic medical ,b it is the responsibility of the government to make sure that everyone has affordable housing,0.6923060778054455,"Wave5, Wave6","Wave5, Wave6","('q160b', 'q160c')"
q69a,q81,a in the past three years have you ever contacted elected officials or legislative representatives a,contacted elected officials or legislative representatives at any level,0.6921113664502881,Wave4,"Wave2, Wave3, Wave4, Wave5, Wave6","('q69a', 'q81')"
q50,q060,how often do you follow news about politics and government,how often do you follow news about politics on the radio,0.6897754080603815,"Wave2, Wave3, Wave4, Wave5, Wave6",Wave1,"('q060', 'q50')"
q008,q007,how much trust do you have in the national government,how much trust do you have in the courts,0.6883110154580049,Wave1,Wave1,"('q007', 'q008')"
q12,q011,trust in civil service,how much trust do you have in civil service,0.6858925932798504,"Wave2, Wave3, Wave4, Wave5, Wave6",Wave1,"('q011', 'q12')"
q016,q013,how much trust do you have in television,how much trust do you have in the police,0.6824240832414532,Wave1,Wave1,"('q013', 'q016')"
q015,q016,how much trust do you have in newspapers,how much trust do you have in television,0.6813117749724608,Wave1,Wave1,"('q015', 'q016')"
q010,q013,how much trust do you have in parliament,how much trust do you have in the police,0.6793648155345514,Wave1,Wave1,"('q010', 'q013')"
q012,q016,how much trust do you have in the military,how much trust do you have in television,0.678825250103616,Wave1,Wave1,"('q012', 'q016')"
q010,q015,how much trust do you have in parliament,how much trust do you have in newspapers,0.6782574936792145,Wave1,Wave1,"('q010', 'q015')"
q012,q010,how much trust do you have in the military,how much trust do you have in parliament,0.675782115757584,Wave1,Wave1,"('q010', 'q012')"
q007,q016,how much trust do you have in the courts,how much trust do you have in television,0.6740606057350637,Wave1,Wave1,"('q007', 'q016')"
q72a,q85,a contacted other influential people outside the government 4 categories,contacted other influential people,0.6725627573246699,Wave4,"Wave2, Wave3, Wave4, Wave5, Wave6","('q72a', 'q85')"
q010,q007,how much trust do you have in parliament,how much trust do you have in the courts,0.6710388310142406,Wave1,Wave1,"('q007', 'q010')"
q116,q116e,anyone you know personally witnessed an act of corruption,anyone you know personally witnessed,0.6695714413647806,"Wave1, Wave2, Wave3, Wave4, Wave5, Wave6",Wave1,"('q116', 'q116e')"
q082,q088,did you do this alone or with others _contacted officials at higher level,did you do this alone or with others _contacted other people,0.6678648494506934,Wave1,Wave1,"('q082', 'q088')"
q037,q049,asked to vote for a particular candidate _owners of the firm unit that you work for,influential_owners of the firm unit that you work for,0.667477316285861,Wave1,Wave1,"('q037', 'q049')"
q016,q009,how much trust do you have in television,how much trust do you have in political parties,0.6621040284412743,Wave1,Wave1,"('q009', 'q016')"
q013,q017,how much trust do you have in the police,how much trust do you have in the election commission,0.6598225437390118,Wave1,Wave1,"('q013', 'q017')"
q009,q010,how much trust do you have in political parties,how much trust do you have in parliament,0.6591358543651211,Wave1,Wave1,"('q009', 'q010')"
q058,q50,how often do you follow news about politics in the daily newspaper,how often do you follow news about politics and government,0.6586608554499419,Wave1,"Wave2, Wave3, Wave4, Wave5, Wave6","('q058', 'q50')"
q012,q017,how much trust do you have in the military,how much trust do you have in the election commission,0.6563429021293241,Wave1,Wave1,"('q012', 'q017')"
q013,q015,how much trust do you have in the police,how much trust do you have in newspapers,0.6560069860819755,Wave1,Wave1,"('q013', 'q015')"
q086,q084,did you do this alone or with others _contacted media,did you do this alone or with others _contacted political parties or other political organizations,0.6554298474806283,Wave1,Wave1,"('q084', 'q086')"
q168,q170,how much influence does china have on our country,how much influence does the united states have on our country,0.6547381145865719,"Wave4, Wave5, Wave6","Wave4, Wave5, Wave6","('q168', 'q170')"
q170,q181,how much influence does the united states have on our country,how much influence does china have on our country,0.6547381145865719,"Wave4, Wave5, Wave6","Wave5, Wave6","('q170', 'q181')"
q168,q183,how much influence does china have on our country,how much influence does the united states have on our country,0.6547381145865719,"Wave4, Wave5, Wave6","Wave5, Wave6","('q168', 'q183')"
q183,q181,how much influence does the united states have on our country,how much influence does china have on our country,0.6547381145865719,"Wave5, Wave6","Wave5, Wave6","('q181', 'q183')"
q081,q082,did you do this alone or with others _contacted government official,did you do this alone or with others _contacted officials at higher level,0.654369258576954,Wave1,Wave1,"('q081', 'q082')"
q089,q094,gift or dinner_contacted government,gift or dinner_contacted media,0.6531962435581196,Wave1,Wave1,"('q089', 'q094')"
q015,q012,how much trust do you have in newspapers,how much trust do you have in the military,0.6525474662054925,Wave1,Wave1,"('q012', 'q015')"
q084,q088,did you do this alone or with others _contacted political parties or other political organizations,did you do this alone or with others _contacted other people,0.6522147952210795,Wave1,Wave1,"('q084', 'q088')"
q52b,q51b,b how often do you use social media to express my opinion on political issues,b you use social media primarily to expresss my opinion on political issues,0.6521664917520879,Wave6,Wave5,"('q51b', 'q52b')"
q007,q017,how much trust do you have in the courts,how much trust do you have in the election commission,0.6517360603655674,Wave1,Wave1,"('q007', 'q017')"
q097_2,q097_3,meaning of democracy second,meaning of democracy third,0.6514079409254051,Wave1,Wave1,"('q097_2', 'q097_3')"
q93,q99,on the whole how satisfied or dissatisfied are you with the way democracy works in,how satisfied or dissatisfied are you with the government,0.6501424308598986,"Wave2, Wave3, Wave4, Wave5, Wave6","Wave2, Wave3, Wave4, Wave5, Wave6","('q93', 'q99')"
q9,q008,trust in the national government,how much trust do you have in the national government,0.6484276014237417,"Wave2, Wave3, Wave4, Wave5, Wave6",Wave1,"('q008', 'q9')"
q007,q015,how much trust do you have in the courts,how much trust do you have in newspapers,0.6479672644384037,Wave1,Wave1,"('q007', 'q015')"
q014,q15,how much trust do you have in local government,trust in local government,0.6472645678877423,Wave1,"Wave2, Wave3, Wave4, Wave5, Wave6","('q014', 'q15')"
q014,q016,how much trust do you have in local government,how much trust do you have in television,0.6470335015598447,Wave1,Wave1,"('q014', 'q016')"
q008,q016,how much trust do you have in the national government,how much trust do you have in television,0.646168599382463,Wave1,Wave1,"('q008', 'q016')"
q010,q014,how much trust do you have in parliament,how much trust do you have in local government,0.644132887784312,Wave1,Wave1,"('q010', 'q014')"
q99b,q99a,b what are the third most important problems facing this country 3rd,a what are the second most important problems facing this country 2nd,0.6437185164335055,Wave4,Wave4,"('q99a', 'q99b')"
q008,q010,how much trust do you have in the national government,how much trust do you have in parliament,0.6432718629133819,Wave1,Wave1,"('q008', 'q010')"
q041,q039,asked to vote for a particular candidate _candidate party activist whom you know personally,asked to vote for a particular candidate _government official whom you know personally,0.6421893581370651,Wave1,Wave1,"('q039', 'q041')"
q99b,q97b,b what are the third most important problems facing this country 3rd,b what are the most important problems facing this country that government should address third,0.6418563180650433,Wave4,Wave6,"('q97b', 'q99b')"
q82,q092,contacted officials of political parties or other political organizations,gift or dinner_contacted political parties or other political organizations,0.6415127403567431,"Wave2, Wave3, Wave4, Wave5, Wave6",Wave1,"('q092', 'q82')"
q038,q050,asked to vote for a particularcandidate _member official of organization that you belong to,influential_member official of organization that you belong to,0.6409866610868127,Wave1,Wave1,"('q038', 'q050')"
q97a,q99a,a what are the most important problems facing this country that government should address second,a what are the second most important problems facing this country 2nd,0.6402294569978285,Wave6,Wave4,"('q97a', 'q99a')"
q009,q013,how much trust do you have in political parties,how much trust do you have in the police,0.6375126397720803,Wave1,Wave1,"('q009', 'q013')"
q057,q057a,how often do you follow news about politics,how often do you follow news about politics in the daily newspaper television and radio,0.6369399234257305,Wave1,Wave1,"('q057', 'q057a')"
q015,q009,how much trust do you have in newspapers,how much trust do you have in political parties,0.6364735343269186,Wave1,Wave1,"('q009', 'q015')"
q097_1,q097_2,meaning of democracy first,meaning of democracy second,0.6357562818689404,Wave1,Wave1,"('q097_1', 'q097_2')"
q009,q012,how much trust do you have in political parties,how much trust do you have in the military,0.634150651720744,Wave1,Wave1,"('q009', 'q012')"
q24,q016,how much trust do you have in your relatives,how much trust do you have in television,0.6338230639113374,"Wave2, Wave3, Wave4, Wave5, Wave6",Wave1,"('q016', 'q24')"
q086,q083,did you do this alone or with others _contacted media,did you do this alone or with others _contacted elected legislative representatives at any level,0.6326937225863037,Wave1,Wave1,"('q083', 'q086')"
q043,q034,asked to vote for a particular candidate _others,asked to vote for a particular candidate _neighbor friend,0.6315869497363846,Wave1,Wave1,"('q034', 'q043')"
q097_3,q097_1,meaning of democracy third,meaning of democracy first,0.6315106014507974,Wave1,Wave1,"('q097_1', 'q097_3')"
q059,q058,how often do you follow news about politics on television,how often do you follow news about politics in the daily newspaper,0.6312066636731944,Wave1,Wave1,"('q058', 'q059')"
q24,q010,how much trust do you have in your relatives,how much trust do you have in parliament,0.6309816717639453,"Wave2, Wave3, Wave4, Wave5, Wave6",Wave1,"('q010', 'q24')"
q035,q043,asked to vote for a particular candidate _community leaders,asked to vote for a particular candidate _others,0.6297771661469947,Wave1,Wave1,"('q035', 'q043')"
q009,q007,how much trust do you have in political parties,how much trust do you have in the courts,0.6296995763798167,Wave1,Wave1,"('q007', 'q009')"
q083,q075,did you do this alone or with others _contacted elected legislative representatives at any level,contacted elected legislative representatives at any level,0.6281924487307655,Wave1,Wave1,"('q075', 'q083')"
q25,q016,how much trust do you have in your neighbors,how much trust do you have in television,0.6280480931955592,"Wave2, Wave3, Wave4, Wave5, Wave6",Wave1,"('q016', 'q25')"
q10,q009,trust in political parties,how much trust do you have in political parties,0.6264544976628319,"Wave2, Wave3, Wave4, Wave5, Wave6",Wave1,"('q009', 'q10')"
q014,q008,how much trust do you have in local government,how much trust do you have in the national government,0.6262290545345239,Wave1,Wave1,"('q008', 'q014')"
q010,q25,how much trust do you have in parliament,how much trust do you have in your neighbors,0.625232589907973,Wave1,"Wave2, Wave3, Wave4, Wave5, Wave6","('q010', 'q25')"
q017,q008,how much trust do you have in the election commission,how much trust do you have in the national government,0.6247678231161705,Wave1,Wave1,"('q008', 'q017')"
q014,q013,how much trust do you have in local government,how much trust do you have in the police,0.623001851493757,Wave1,Wave1,"('q013', 'q014')"
q015,q014,how much trust do you have in newspapers,how much trust do you have in local government,0.6219863977194375,Wave1,Wave1,"('q014', 'q015')"
q008,q015,how much trust do you have in the national government,how much trust do you have in newspapers,0.6211549764894817,Wave1,Wave1,"('q008', 'q015')"
q106a,q99a,a what are the most important problems facing this country that government should address 2nd respon,a what are the second most important problems facing this country 2nd,0.6204293165439396,Wave5,Wave4,"('q106a', 'q99a')"
q012,q014,how much trust do you have in the military,how much trust do you have in local government,0.6197163875672203,Wave1,Wave1,"('q012', 'q014')"
q145,q77,the most important thing for a political leader is to accomplish his goals even if he has to ignore ,the most important thing for political leaders is to accomplish their goals even if they have to ign,0.6190780621722548,"Wave1, Wave2, Wave3, Wave4, Wave5, Wave6","Wave2, Wave3, Wave4, Wave5, Wave6","('q145', 'q77')"
q106b,q99b,b what are the most important problems facing this country that government should address 3rd respon,b what are the third most important problems facing this country 3rd,0.6189045760666978,Wave5,Wave4,"('q106b', 'q99b')"
q016,q011,how much trust do you have in television,how much trust do you have in civil service,0.6169279125342049,Wave1,Wave1,"('q011', 'q016')"
q081,q084,did you do this alone or with others _contacted government official,did you do this alone or with others _contacted political parties or other political organizations,0.6157838936659328,Wave1,Wave1,"('q081', 'q084')"
q007,q014,how much trust do you have in the courts,how much trust do you have in local government,0.615366625687162,Wave1,Wave1,"('q007', 'q014')"
q058,q060,how often do you follow news about politics in the daily newspaper,how often do you follow news about politics on the radio,0.6142990857163746,Wave1,Wave1,"('q058', 'q060')"
q010,q011,how much trust do you have in parliament,how much trust do you have in civil service,0.6141622603735462,Wave1,Wave1,"('q010', 'q011')"
q016,q017,how much trust do you have in television,how much trust do you have in the election commission,0.6118329764245316,Wave1,Wave1,"('q016', 'q017')"
q24,q013,how much trust do you have in your relatives,how much trust do you have in the police,0.6102820663601866,"Wave2, Wave3, Wave4, Wave5, Wave6",Wave1,"('q013', 'q24')"
q015,q24,how much trust do you have in newspapers,how much trust do you have in your relatives,0.6092873450344006,Wave1,"Wave2, Wave3, Wave4, Wave5, Wave6","('q015', 'q24')"
q8,q007,trust in the courts,how much trust do you have in the courts,0.6091745741578152,"Wave2, Wave3, Wave4, Wave5, Wave6",Wave1,"('q007', 'q8')"
q010,q017,how much trust do you have in parliament,how much trust do you have in the election commission,0.6090901645678598,Wave1,Wave1,"('q010', 'q017')"
q074,q80,contacted officials to express your opinions at higher level,contacted officials at higher level,0.6081400932708116,Wave1,"Wave2, Wave3, Wave4, Wave5, Wave6","('q074', 'q80')"
q012,q24,how much trust do you have in the military,how much trust do you have in your relatives,0.6070636815203482,Wave1,"Wave2, Wave3, Wave4, Wave5, Wave6","('q012', 'q24')"
q083,q088,did you do this alone or with others _contacted elected legislative representatives at any level,did you do this alone or with others _contacted other people,0.6066823135278513,Wave1,Wave1,"('q083', 'q088')"
q013,q25,how much trust do you have in the police,how much trust do you have in your neighbors,0.6047215854274707,Wave1,"Wave2, Wave3, Wave4, Wave5, Wave6","('q013', 'q25')"
q009,q014,how much trust do you have in political parties,how much trust do you have in local government,0.6044511700716787,Wave1,Wave1,"('q009', 'q014')"
q25,q015,how much trust do you have in your neighbors,how much trust do you have in newspapers,0.6037359273353438,"Wave2, Wave3, Wave4, Wave5, Wave6",Wave1,"('q015', 'q25')"
q008,q009,how much trust do you have in the national government,how much trust do you have in political parties,0.6036431885191691,Wave1,Wave1,"('q008', 'q009')"
q076,q084,contacted political parties or other political organizations,did you do this alone or with others _contacted political parties or other political organizations,0.6035588417598842,Wave1,Wave1,"('q076', 'q084')"
q24,q007,how much trust do you have in your relatives,how much trust do you have in the courts,0.6028027284237051,"Wave2, Wave3, Wave4, Wave5, Wave6",Wave1,"('q007', 'q24')"
q25,q012,how much trust do you have in your neighbors,how much trust do you have in the military,0.6015325243520399,"Wave2, Wave3, Wave4, Wave5, Wave6",Wave1,"('q012', 'q25')"
q041,q053,asked to vote for a particular candidate _candidate party activist whom you know personally,influential_candidate party activist whom you know personally,0.5988480618415579,Wave1,Wave1,"('q041', 'q053')"
q007,q25,how much trust do you have in the courts,how much trust do you have in your neighbors,0.5973103942026124,Wave1,"Wave2, Wave3, Wave4, Wave5, Wave6","('q007', 'q25')"
q089,q096,gift or dinner_contacted government,gift or dinner_contacted other people,0.5968586180462756,Wave1,Wave1,"('q089', 'q096')"
q14,q013,trust in the police,how much trust do you have in the police,0.5966558622785504,"Wave2, Wave3, Wave4, Wave5, Wave6",Wave1,"('q013', 'q14')"
q97b,q99a,b what are the most important problems facing this country that government should address third,a what are the second most important problems facing this country 2nd,0.596102571931552,Wave6,Wave4,"('q97b', 'q99a')"
q99b,q97a,b what are the third most important problems facing this country 3rd,a what are the most important problems facing this country that government should address second,0.5958932000133653,Wave4,Wave6,"('q97a', 'q99b')"
q139a,q139b,a did you or a member of your family suffer from serious illness or death,b did you or a member of your family suffer from loss of job,0.5956595974223691,Wave6,Wave6,"('q139a', 'q139b')"
q083,q082,did you do this alone or with others _contacted elected legislative representatives at any level,did you do this alone or with others _contacted officials at higher level,0.5951484730701689,Wave1,Wave1,"('q082', 'q083')"
q119_2,q119b,_2 told about it by family member,b did you personally witness it or were you told about it by a family member or friend who personall,0.594780556458957,"Wave2, Wave3",Wave6,"('q119_2', 'q119b')"
q081,q083,did you do this alone or with others _contacted government official,did you do this alone or with others _contacted elected legislative representatives at any level,0.5944230423587822,Wave1,Wave1,"('q081', 'q083')"
q011,q013,how much trust do you have in civil service,how much trust do you have in the police,0.5940144224687252,Wave1,Wave1,"('q011', 'q013')"
q159,q163,relation world bank,impression world bank,0.5931644258438364,"Wave2, Wave3, Wave4, Wave5, Wave6","Wave2, Wave4, Wave5, Wave6","('q159', 'q163')"
q011,q015,how much trust do you have in civil service,how much trust do you have in newspapers,0.5930462163777643,Wave1,Wave1,"('q011', 'q015')"
q009,q24,how much trust do you have in political parties,how much trust do you have in your relatives,0.5921101329004206,Wave1,"Wave2, Wave3, Wave4, Wave5, Wave6","('q009', 'q24')"
q012,q011,how much trust do you have in the military,how much trust do you have in civil service,0.5908818267112901,Wave1,Wave1,"('q011', 'q012')"
q015,q017,how much trust do you have in newspapers,how much trust do you have in the election commission,0.5881485086859267,Wave1,Wave1,"('q015', 'q017')"
q011,q007,how much trust do you have in civil service,how much trust do you have in the courts,0.5867344533369346,Wave1,Wave1,"('q007', 'q011')"
q25,q009,how much trust do you have in your neighbors,how much trust do you have in political parties,0.5867152224392675,"Wave2, Wave3, Wave4, Wave5, Wave6",Wave1,"('q009', 'q25')"
q057a,q059,how often do you follow news about politics in the daily newspaper television and radio,how often do you follow news about politics on television,0.5850716984202802,Wave1,Wave1,"('q057a', 'q059')"
q127a_2,q119_2,a_2 did you personally witness it or were you told about it by a family member or friend who persona,_2 told about it by family member,0.5829155241184152,Wave5,"Wave2, Wave3","('q119_2', 'q127a_2')"
q087,q086,did you do this alone or with others _demonstration strike sit in,did you do this alone or with others _contacted media,0.5806719397384803,Wave1,Wave1,"('q086', 'q087')"
q93,q104,on the whole how satisfied or dissatisfied are you with the way democracy works in,how satisfied or dissatisfied are you with the current government,0.5799282713883713,"Wave2, Wave3, Wave4, Wave5, Wave6","Wave1, Wave2, Wave3, Wave4, Wave5, Wave6","('q104', 'q93')"
q096,q094,gift or dinner_contacted other people,gift or dinner_contacted media,0.5793156121022458,Wave1,Wave1,"('q094', 'q096')"
q50,q057a,how often do you follow news about politics and government,how often do you follow news about politics in the daily newspaper television and radio,0.5791449677403487,"Wave2, Wave3, Wave4, Wave5, Wave6",Wave1,"('q057a', 'q50')"
q139b,q139d,b did you or a member of your family suffer from loss of job,d did you or a member of your family suffer from disruption of my kids education,0.5786616813173424,Wave6,Wave6,"('q139b', 'q139d')"
q014,q24,how much trust do you have in local government,how much trust do you have in your relatives,0.5786327769392281,Wave1,"Wave2, Wave3, Wave4, Wave5, Wave6","('q014', 'q24')"
q24,q008,how much trust do you have in your relatives,how much trust do you have in the national government,0.5778593073314369,"Wave2, Wave3, Wave4, Wave5, Wave6",Wave1,"('q008', 'q24')"
q160a,q109,a it is the responsibility of the government to narrow the gap between the rich and the poor,the gap between the rich and the poor have narrowed is better than before,0.5768060248895183,"Wave5, Wave6","Wave1, Wave2, Wave3, Wave4, Wave5, Wave6","('q109', 'q160a')"
q009,q011,how much trust do you have in political parties,how much trust do you have in civil service,0.5763268790289805,Wave1,Wave1,"('q009', 'q011')"
q043,q032,asked to vote for a particular candidate _others,asked to vote for a particular candidate _family member relative,0.575355381423178,Wave1,Wave1,"('q032', 'q043')"
q014,q25,how much trust do you have in local government,how much trust do you have in your neighbors,0.5733606631076607,Wave1,"Wave2, Wave3, Wave4, Wave5, Wave6","('q014', 'q25')"
q174,q179,which country has the most influence in asia,in ten years which country will have the most influence in asia,0.5728814895014855,"Wave5, Wave6","Wave5, Wave6","('q174', 'q179')"
q008,q25,how much trust do you have in the national government,how much trust do you have in your neighbors,0.572594240836246,Wave1,"Wave2, Wave3, Wave4, Wave5, Wave6","('q008', 'q25')"
q060,q057a,how often do you follow news about politics on the radio,how often do you follow news about politics in the daily newspaper television and radio,0.5723595579956879,Wave1,Wave1,"('q057a', 'q060')"
q009,q017,how much trust do you have in political parties,how much trust do you have in the election commission,0.571567248985856,Wave1,Wave1,"('q009', 'q017')"
q035,q034,asked to vote for a particular candidate _community leaders,asked to vote for a particular candidate _neighbor friend,0.5678761901921201,Wave1,Wave1,"('q034', 'q035')"
q115,q9,how widespread corruption in the national government,trust in the national government,0.566801121929831,"Wave1, Wave2, Wave3, Wave4, Wave5, Wave6","Wave2, Wave3, Wave4, Wave5, Wave6","('q115', 'q9')"
q157a,q175,a does china do more good or harm to the region,does the united states do more good or harm to asia,0.5636368711013133,"Wave3, Wave5, Wave6","Wave5, Wave6","('q157a', 'q175')"
q157b,q175,b does china do more good or harm to the region,does the united states do more good or harm to asia,0.5636368711013133,Wave3,"Wave5, Wave6","('q157b', 'q175')"
q014,q011,how much trust do you have in local government,how much trust do you have in civil service,0.5632087746982394,Wave1,Wave1,"('q011', 'q014')"
q052,q040,influential_government official whom you don t know,asked to vote for a particular candidate _government official whom you don t know,0.5630145235716567,Wave1,Wave1,"('q040', 'q052')"
q008,q011,how much trust do you have in the national government,how much trust do you have in civil service,0.56245592265212,Wave1,Wave1,"('q008', 'q011')"
q010,q11,how much trust do you have in parliament,trust in parliament,0.5599926678548206,Wave1,"Wave2, Wave3, Wave4, Wave5, Wave6","('q010', 'q11')"
q99a,q106b,a what are the second most important problems facing this country 2nd,b what are the most important problems facing this country that government should address 3rd respon,0.5599376291538501,Wave4,Wave5,"('q106b', 'q99a')"
q99b,q106a,b what are the third most important problems facing this country 3rd,a what are the most important problems facing this country that government should address 2nd respon,0.5585615504529636,Wave4,Wave5,"('q106a', 'q99b')"
q014,q017,how much trust do you have in local government,how much trust do you have in the election commission,0.5585574813052926,Wave1,Wave1,"('q014', 'q017')"
q139c,q139a,c did you or a member of your family suffer from loss of household income,a did you or a member of your family suffer from serious illness or death,0.5575799703635154,Wave6,Wave6,"('q139a', 'q139c')"
q087,q088,did you do this alone or with others _demonstration strike sit in,did you do this alone or with others _contacted other people,0.5567992588281012,Wave1,Wave1,"('q087', 'q088')"
q33a,q39a,a based on the answer to q33 please construct a new variable indicating if the respondent voted for ,if the respondent voted for the winning camp or loosing camp,0.5561046868496042,Wave3,Wave2,"('q33a', 'q39a')"
q080,q85,contacted other people,contacted other influential people,0.5555173354749485,Wave1,"Wave2, Wave3, Wave4, Wave5, Wave6","('q080', 'q85')"
q17,q016,trust in television,how much trust do you have in television,0.5547116663340163,"Wave2, Wave3, Wave4, Wave5, Wave6",Wave1,"('q016', 'q17')"
q085,q086,did you do this alone or with others _ contacted non government civil society organizations,did you do this alone or with others _contacted media,0.5531181859717974,Wave1,Wave1,"('q085', 'q086')"
q011,q24,how much trust do you have in civil service,how much trust do you have in your relatives,0.5517097806224972,Wave1,"Wave2, Wave3, Wave4, Wave5, Wave6","('q011', 'q24')"
q084,q092,did you do this alone or with others _contacted political parties or other political organizations,gift or dinner_contacted political parties or other political organizations,0.5515609994682777,Wave1,Wave1,"('q084', 'q092')"
q075,q69a,contacted elected legislative representatives at any level,a in the past three years have you ever contacted elected officials or legislative representatives a,0.549373915938018,Wave1,Wave4,"('q075', 'q69a')"
q71a,q84,a contacted traditional leaders community leaders 4 categories,contacted traditional leaders community leaders in mass media tw hk acquaintances in the government,0.5490783482911504,Wave4,"Wave2, Wave3, Wave4, Wave5, Wave6","('q71a', 'q84')"
q24,q017,how much trust do you have in your relatives,how much trust do you have in the election commission,0.5471534523607287,"Wave2, Wave3, Wave4, Wave5, Wave6",Wave1,"('q017', 'q24')"
q011,q25,how much trust do you have in civil service,how much trust do you have in your neighbors,0.5466829710787711,Wave1,"Wave2, Wave3, Wave4, Wave5, Wave6","('q011', 'q25')"
q018,q016,how much trust do you have in non governmental organizations,how much trust do you have in television,0.5456399209245041,Wave1,Wave1,"('q016', 'q018')"
q087,q081,did you do this alone or with others _demonstration strike sit in,did you do this alone or with others _contacted government official,0.5455479779707156,Wave1,Wave1,"('q081', 'q087')"
q084,q082,did you do this alone or with others _contacted political parties or other political organizations,did you do this alone or with others _contacted officials at higher level,0.5448612551948185,Wave1,Wave1,"('q082', 'q084')"
q018,q010,how much trust do you have in non governmental organizations,how much trust do you have in parliament,0.5431938487083069,Wave1,Wave1,"('q010', 'q018')"
q6,q3,what do you think the economic situation of your family will be a few years from now,what do you think will be the state of our country s economic condition a few years from now,0.542442661862787,"Wave2, Wave3, Wave4, Wave5, Wave6","Wave2, Wave3, Wave4, Wave5, Wave6","('q3', 'q6')"
q25,q017,how much trust do you have in your neighbors,how much trust do you have in the election commission,0.542168157024644,"Wave2, Wave3, Wave4, Wave5, Wave6",Wave1,"('q017', 'q25')"
q139d,q139c,d did you or a member of your family suffer from disruption of my kids education,c did you or a member of your family suffer from loss of household income,0.5416687056091225,Wave6,Wave6,"('q139c', 'q139d')"
q006,q003,what do you think the economic situation of your family will be five years from now,what do you think will be the state of our country s economic condition five years from now,0.5411730208701724,Wave1,Wave1,"('q003', 'q006')"
q051,q039,influential_government official whom you know personally,asked to vote for a particular candidate _government official whom you know personally,0.5410619589495177,Wave1,Wave1,"('q039', 'q051')"
q074,q70a,contacted officials to express your opinions at higher level,a contacted officials at higher level 4 categories,0.5396732238159332,Wave1,Wave4,"('q074', 'q70a')"
q085,q081,did you do this alone or with others _ contacted non government civil society organizations,did you do this alone or with others _contacted government official,0.5389893397682662,Wave1,Wave1,"('q081', 'q085')"
q036,q043,asked to vote for a particular candidate _superior at work school,asked to vote for a particular candidate _others,0.5382555579673408,Wave1,Wave1,"('q036', 'q043')"
q114,q115,how widespread corruption in your local municipal government,how widespread corruption in the national government,0.536165865162455,"Wave1, Wave2, Wave3, Wave4, Wave5, Wave6","Wave1, Wave2, Wave3, Wave4, Wave5, Wave6","('q114', 'q115')"
q011,q017,how much trust do you have in civil service,how much trust do you have in the election commission,0.5325685611970833,Wave1,Wave1,"('q011', 'q017')"
q024,q23,most people can be trusted,general speaking would you say most people can be trusted or that you must be very careful,0.5321741069978829,Wave1,"Wave2, Wave3, Wave4, Wave5, Wave6","('q024', 'q23')"
q088,q085,did you do this alone or with others _contacted other people,did you do this alone or with others _ contacted non government civil society organizations,0.5303782995474949,Wave1,Wave1,"('q085', 'q088')"
q82,q084,contacted officials of political parties or other political organizations,did you do this alone or with others _contacted political parties or other political organizations,0.5261016767977447,"Wave2, Wave3, Wave4, Wave5, Wave6",Wave1,"('q084', 'q82')"
q018,q013,how much trust do you have in non governmental organizations,how much trust do you have in the police,0.5253741578532967,Wave1,Wave1,"('q013', 'q018')"
q082,q80,did you do this alone or with others _contacted officials at higher level,contacted officials at higher level,0.5249338972602814,Wave1,"Wave2, Wave3, Wave4, Wave5, Wave6","('q082', 'q80')"
q015,q018,how much trust do you have in newspapers,how much trust do you have in non governmental organizations,0.5245178310699286,Wave1,Wave1,"('q015', 'q018')"
q016,q26,how much trust do you have in television,how much trust do you have in other people you interact with,0.5233962956901302,Wave1,"Wave2, Wave3, Wave4, Wave5, Wave6","('q016', 'q26')"
q118,q117,which comes closer to your own view,which comes closest to your own opinion,0.523047166875999,"Wave1, Wave2, Wave3, Wave4, Wave5, Wave6","Wave1, Wave2, Wave3, Wave4, Wave5, Wave6","('q117', 'q118')"
q117,q120,which comes closest to your own opinion,which comes closer to your own view,0.523047166875999,"Wave1, Wave2, Wave3, Wave4, Wave5, Wave6","Wave1, Wave2, Wave3, Wave4, Wave5, Wave6","('q117', 'q120')"
q91,q96,here is a scale 1 means completely undemocratic and 10 means completely democratic where would you p,where would you place our country under the present government,0.5229566239397934,"Wave3, Wave4, Wave5, Wave6","Wave2, Wave3, Wave4, Wave5, Wave6","('q91', 'q96')"
q91,q100,here is a scale 1 means completely undemocratic and 10 means completely democratic where would you p,where would you place our country under the present government,0.5229566239397934,"Wave3, Wave4, Wave5, Wave6","Wave1, Wave2, Wave3, Wave4, Wave5, Wave6","('q100', 'q91')"
q018,q012,how much trust do you have in non governmental organizations,how much trust do you have in the military,0.5226035435454532,Wave1,Wave1,"('q012', 'q018')"
q054,q052,influential_candidate party activist whom you don t know,influential_government official whom you don t know,0.5215962701873277,Wave1,Wave1,"('q052', 'q054')"
q010,q26,how much trust do you have in parliament,how much trust do you have in other people you interact with,0.5210499403597157,Wave1,"Wave2, Wave3, Wave4, Wave5, Wave6","('q010', 'q26')"
q043,q039,asked to vote for a particular candidate _others,asked to vote for a particular candidate _government official whom you know personally,0.5192471765725699,Wave1,Wave1,"('q039', 'q043')"
q139d,q139a,d did you or a member of your family suffer from disruption of my kids education,a did you or a member of your family suffer from serious illness or death,0.5191071321462011,Wave6,Wave6,"('q139a', 'q139d')"
q007,q018,how much trust do you have in the courts,how much trust do you have in non governmental organizations,0.5189354124169201,Wave1,Wave1,"('q007', 'q018')"
q032,q034,asked to vote for a particular candidate _family member relative,asked to vote for a particular candidate _neighbor friend,0.5188035380959923,Wave1,Wave1,"('q032', 'q034')"
q032,q035,asked to vote for a particular candidate _family member relative,asked to vote for a particular candidate _community leaders,0.5173169302271068,Wave1,Wave1,"('q032', 'q035')"
q52d,q52c,d how often do you use social media to organize to influence politics,c how often do you use social media to share news or information,0.5171248156420858,Wave6,Wave6,"('q52c', 'q52d')"
q119_3,q119c,_3 told about it by friend,c did you personally witness it or were you told about it by a family member or friend who personall,0.5171233560974459,"Wave2, Wave3",Wave6,"('q119_3', 'q119c')"
q51d,q51c,d you use social media primarily for work,c you use social media primarily to share news or information,0.5165130327881465,Wave5,Wave5,"('q51c', 'q51d')"
q009,q018,how much trust do you have in political parties,how much trust do you have in non governmental organizations,0.5097304665763585,Wave1,Wave1,"('q009', 'q018')"
q040,q043,asked to vote for a particular candidate _government official whom you don t know,asked to vote for a particular candidate _others,0.5093422510842989,Wave1,Wave1,"('q040', 'q043')"
q119_3,q127a_3,_3 told about it by friend,a_3 did you personally witness it or were you told about it by a family member or friend who persona,0.5062213828028277,"Wave2, Wave3",Wave5,"('q119_3', 'q127a_3')"
q085,q83,did you do this alone or with others _ contacted non government civil society organizations,contacted representative of non government civil society organizations,0.5047043658618012,Wave1,"Wave2, Wave3, Wave4, Wave5, Wave6","('q085', 'q83')"
q013,q26,how much trust do you have in the police,how much trust do you have in other people you interact with,0.503956689249986,Wave1,"Wave2, Wave3, Wave4, Wave5, Wave6","('q013', 'q26')"
q26,q015,how much trust do you have in other people you interact with,how much trust do you have in newspapers,0.5031352715913299,"Wave2, Wave3, Wave4, Wave5, Wave6",Wave1,"('q015', 'q26')"
q81,q083,contacted elected officials or legislative representatives at any level,did you do this alone or with others _contacted elected legislative representatives at any level,0.5017976173894895,"Wave2, Wave3, Wave4, Wave5, Wave6",Wave1,"('q083', 'q81')"
q119c,q119_2,c did you personally witness it or were you told about it by a family member or friend who personall,_2 told about it by family member,0.501743587098579,Wave6,"Wave2, Wave3","('q119_2', 'q119c')"
q95,q100,where would you place our country during the period of,where would you place our country under the present government,0.5016625849755558,"Wave2, Wave3, Wave4, Wave5, Wave6","Wave1, Wave2, Wave3, Wave4, Wave5, Wave6","('q100', 'q95')"
q96,q95,where would you place our country under the present government,where would you place our country during the period of,0.5016625849755558,"Wave2, Wave3, Wave4, Wave5, Wave6","Wave2, Wave3, Wave4, Wave5, Wave6","('q95', 'q96')"
q012,q26,how much trust do you have in the military,how much trust do you have in other people you interact with,0.5012990221514089,Wave1,"Wave2, Wave3, Wave4, Wave5, Wave6","('q012', 'q26')"
q160b,q160d,b it is the responsibility of the government to make sure that everyone has affordable housing,d it is the responsibility of the government to make sure that basic necessitities such as food and ,0.5008539638693018,"Wave5, Wave6","Wave5, Wave6","('q160b', 'q160d')"
